UPDATE sys_role SET role_name = '管理员' WHERE role_code = 'ADMIN';
UPDATE sys_role SET role_name = '考生' WHERE role_code = 'STUDENT';

DELETE FROM operation_log;
DELETE FROM system_notice;
DELETE FROM policy_news;
DELETE FROM application_ratio;
DELETE FROM post_comment;
DELETE FROM study_reminder;
DELETE FROM study_progress;
DELETE FROM study_task;
DELETE FROM study_plan;
DELETE FROM wrong_question;
DELETE FROM exam_answer;
DELETE FROM exam_record;
DELETE FROM exam_option;
DELETE FROM exam_question;
DELETE FROM exam_paper;
DELETE FROM material;
DELETE FROM admission_guide;
DELETE FROM post;
DELETE FROM major;
DELETE FROM school;
DELETE FROM material_category;
DELETE FROM sys_user_role;
DELETE FROM sys_user;

INSERT INTO sys_user (id, username, password, display_name, email, phone, target_school, target_major, enabled) VALUES
    (1, 'admin', '{noop}123456', '平台管理员', 'admin@kaoyan.local', '13800000000', NULL, NULL, b'1'),
    (2, 'student', '{noop}123456', '李晨曦', 'lichenxi@kaoyan.local', '13900000000', '清华大学', '计算机科学与技术', b'1'),
    (3, 'wangyan', '{noop}123456', '王妍', 'wangyan@kaoyan.local', '13900000001', '北京大学', '金融学', b'1'),
    (4, 'zhangrui', '{noop}123456', '张睿', 'zhangrui@kaoyan.local', '13900000002', '复旦大学', '法学', b'1'),
    (5, 'chenyu', '{noop}123456', '陈宇', 'chenyu@kaoyan.local', '13900000003', '上海交通大学', '电子信息', b'1'),
    (6, 'liujing', '{noop}123456', '刘婧', 'liujing@kaoyan.local', '13900000004', '浙江大学', '教育学', b'1');

INSERT INTO sys_user_role (id, user_id, role_id) VALUES
    (1, 1, 1),
    (2, 2, 2),
    (3, 3, 2),
    (4, 4, 2),
    (5, 5, 2),
    (6, 6, 2);

INSERT INTO school (id, school_name, province, city, school_type, school_level, description) VALUES
    (1, '清华大学', '北京市', '北京市', '综合类', '985 / 211 / 双一流', '工科与信息学科优势明显，计算机、电子信息等方向竞争强度高。'),
    (2, '北京大学', '北京市', '北京市', '综合类', '985 / 211 / 双一流', '经济、金融与基础学科实力突出，复试更看重综合表达与学术潜力。'),
    (3, '复旦大学', '上海市', '上海市', '综合类', '985 / 211 / 双一流', '法学、新闻传播与医学等专业关注度高，信息公开较为及时。'),
    (4, '上海交通大学', '上海市', '上海市', '理工类', '985 / 211 / 双一流', '电子信息、人工智能与工程类专业报考热度持续走高。'),
    (5, '浙江大学', '浙江省', '杭州市', '综合类', '985 / 211 / 双一流', '工学、教育学与管理学等方向招生体系成熟，资料积累丰富。'),
    (6, '中国人民大学', '北京市', '北京市', '人文社科类', '985 / 211 / 双一流', '法学、应用经济学与公共管理等专业在考生群体中认可度较高。');

INSERT INTO major (id, school_id, major_name, major_code, degree_type, description) VALUES
    (1, 1, '计算机科学与技术', '081200', '学术型', '初试通常覆盖政治、英语一、数学一与 408，强调基础理论与算法能力。'),
    (2, 2, '金融学', '020204', '学术型', '重视经济学基础、数理分析与热点问题理解，适合有数学基础的考生。'),
    (3, 3, '法学', '030100', '学术型', '关注法理学、宪法学与部门法综合能力，复试常结合案例分析。'),
    (4, 4, '电子信息', '085400', '专业型', '偏重工程实践与专业基础，适合有项目经历或竞赛背景的考生。'),
    (5, 5, '教育学', '040100', '学术型', '适合希望系统掌握教育理论与研究方法的考生，复习节奏宜长期规划。'),
    (6, 6, '应用经济学', '020200', '学术型', '覆盖宏微观经济学、计量分析与研究写作，择校时需重点关注复试比重。'),
    (7, 3, '新闻与传播', '055200', '专业型', '看重热点议题分析、写作表达和传播案例拆解，适合跨考考生。'),
    (8, 2, '软件工程', '083500', '专业型', '兼顾工程实践与理论基础，复试常关注项目经历、系统设计与代码能力。');

INSERT INTO admission_guide (id, school_id, major_id, title, content, guide_year) VALUES
    (1, 1, 1, '2026 年清华大学计算机科学与技术硕士招生说明', '初试科目为政治、英语一、数学一和 408 计算机学科专业基础。复试重点考察算法基础、系统能力、科研潜力与表达能力，建议提前准备项目复盘材料。', 2026),
    (2, 2, 2, '2026 年北京大学金融学硕士招生说明', '专业课复习需兼顾经济学理论与数理分析能力，复试注重专业理解、英语表达和时事观察。建议结合往年复试问答整理个人研究兴趣。', 2026),
    (3, 3, 3, '2026 年复旦大学法学硕士招生说明', '初试科目以法学综合能力为主，复试突出案例分析、规范理解与逻辑表达。备考时应同步关注最新司法热点与部门法高频考点。', 2026),
    (4, 4, 4, '2026 年上海交通大学电子信息硕士招生说明', '专业课强调信号系统、电子技术与工程应用能力，复试常围绕项目实践、科研经历和专业英语展开。建议准备完整的项目介绍结构。', 2026),
    (5, 5, 5, '2026 年浙江大学教育学硕士招生说明', '考试内容覆盖教育学原理、中外教育史、教育研究方法等模块。复试更关注教育热点分析、学术表达和研究兴趣匹配度。', 2026),
    (6, 6, 6, '2026 年中国人民大学应用经济学硕士招生说明', '初试阶段需夯实宏观、微观与统计分析基础，复试强调研究问题意识与政策分析能力。建议尽早整理个人学术阅读清单。', 2026);

INSERT INTO material_category (id, category_name, description, sort_order) VALUES
    (1, '公共课资料', '政治、英语、数学等公共课复习资料。', 1),
    (2, '专业课资料', '408、金融学综合、法学综合等专业课资料。', 2),
    (3, '复试与面试', '复试问答、英语口语与项目梳理资料。', 3),
    (4, '择校与信息汇总', '院校分析、报录比与备考经验整理。', 4);

INSERT INTO material (id, user_id, category_id, title, description, file_name, file_path, file_size, download_count, review_status, review_comment, reviewer_id, reviewed_at) VALUES
    (1, 2, 2, '408 数据结构高频题型归纳', '按线性表、树、图三大模块整理高频题型与易错点，适合强化阶段集中复盘。', '408-data-structure-notes.pdf', '408-data-structure-notes.pdf', 215040, 86, 'APPROVED', '内容完整，适合强化阶段使用。', 1, '2026-03-20 10:00:00'),
    (2, 2, 1, '考研英语作文高分表达清单', '覆盖图表作文与书信作文常用句型，附带真题场景替换示例。', 'english-writing-guide.docx', 'english-writing-guide.docx', 98304, 64, 'APPROVED', '表达清晰，适合作为写作素材积累。', 1, '2026-03-18 14:20:00'),
    (3, 3, 4, '北京地区金融专硕院校对比表', '整理北大、人大、央财等院校的初试科目、复试比例与培养特点。', 'beijing-finance-schools.xlsx', 'beijing-finance-schools.xlsx', 143360, 53, 'APPROVED', '信息整理完整，便于择校参考。', 1, '2026-03-17 09:30:00'),
    (4, 4, 2, '法学综合背诵框架与案例摘录', '结合法理学、民法和刑法重点章节，补充可直接用于论述题的案例表达。', 'law-review-outline.pdf', 'law-review-outline.pdf', 188416, 47, 'APPROVED', '结构清晰，适合冲刺背诵。', 1, '2026-03-16 16:40:00'),
    (5, 5, 3, '电子信息复试项目介绍模板', '包含项目介绍、技术选型、难点拆解与老师追问应答思路。', 'ee-interview-template.pptx', 'ee-interview-template.pptx', 267264, 39, 'APPROVED', '适合复试前统一整理项目经历。', 1, '2026-03-21 11:15:00'),
    (6, 6, 1, '教育学 333 论述题答题示例', '围绕教育公平、教师专业发展、课程改革等主题整理标准作答结构。', 'education-333-answers.pdf', 'education-333-answers.pdf', 176128, 0, 'PENDING', '待审核', NULL, NULL);

INSERT INTO post (id, user_id, title, content, view_count) VALUES
    (1, 2, '408 强化阶段每天刷题和回顾怎么安排更稳？', '最近在做数据结构和操作系统强化题，发现只刷题不复盘容易重复错。大家是按章节总结，还是每周统一做一次整卷回顾？', 128),
    (2, 3, '金融学专业课二轮复习有必要重看教材吗？', '宏微观第一轮已经结束，现在在做专题题和真题。纠结要不要把教材快速过一遍，还是直接做错题整理和专题总结。', 96),
    (3, 4, '法学案例分析题总写不够深，大家怎么提升？', '背了不少知识点，但一到案例分析就容易停留在结论层面。有没有适合法学二轮的案例拆解方法？', 84),
    (4, 5, '复试项目介绍控制在几分钟比较合适？', '电子信息方向，项目内容比较多，担心说太长老师会打断。想听听大家复试时如何取舍项目细节。', 71),
    (5, 6, '教育学背诵总是记了又忘，有没有阶段复盘办法？', '333 的内容跨度大，单纯背诵效率越来越低。我现在尝试每周做一次思维导图，但还没形成固定节奏。', 63),
    (6, 2, '英语阅读错题复盘是按题型还是按文章主题分类？', '最近发现自己细节题和推断题错误原因不同，准备重新整理错题本。想看看大家是怎么做标签和复盘的。', 117);

INSERT INTO post_comment (id, post_id, user_id, content) VALUES
    (1, 1, 3, '我会把工作日留给章节强化，周末固定半天做整卷复盘，这样更容易发现知识点之间的断层。'),
    (2, 1, 5, '可以先按模块刷题，再把错题原因分成概念不清、计算失误和审题偏差三类，复盘会更有针对性。'),
    (3, 2, 2, '如果教材已经做过完整标注，我更建议二轮直接围绕真题和专题总结查漏补缺。'),
    (4, 3, 6, '案例题可以先用“事实认定-法律依据-结论评价”的三段式写法，能明显避免只写结论。'),
    (5, 4, 2, '我准备控制在 3 分钟左右，先说背景和目标，再挑一个最有代表性的技术难点展开。'),
    (6, 4, 4, '老师一般会根据你提到的技术细节追问，所以别把所有内容都铺开，留一些可以深入展开的点。'),
    (7, 5, 3, '教育学很适合做周总结，我会把每周高频概念写成口头提问卡片，背诵效果比单纯看笔记好。'),
    (8, 6, 1, '英语阅读建议同时按题型和错误原因做标签，后期更容易看出自己是定位慢还是逻辑判断不稳。');

INSERT INTO exam_paper (id, title, description, paper_year, question_count, total_score) VALUES
    (1, '408 核心基础模拟卷', '适用于计算机专业基础阶段自测，覆盖操作系统、网络、数据库与数据结构。', 2026, 5, 16),
    (2, '公共课综合冲刺卷', '围绕英语、数学与政治常见考点设计，适合冲刺阶段限时练习。', 2026, 5, 16);

INSERT INTO exam_question (id, paper_id, question_type, question_stem, correct_answer, score, analysis_text, sort_order) VALUES
    (1, 1, 'SINGLE', '操作系统采用时间片轮转调度时，进程从运行态回到就绪态最常见的触发原因是什么？', 'B', 3, '时间片耗尽会触发时钟中断，调度器据此将当前进程重新放回就绪队列。', 1),
    (2, 1, 'SINGLE', '在 TCP/IP 体系中，负责端到端可靠传输、流量控制和拥塞控制的是哪一层协议？', 'C', 3, 'TCP 位于传输层，提供确认、重传、流量控制和拥塞控制机制。', 2),
    (3, 1, 'MULTIPLE', '下列选项中，属于数据库事务 ACID 特性的有哪几项？', 'A,C,D', 4, 'ACID 包括原子性、一致性、隔离性和持久性，高可用不属于事务特性。', 3),
    (4, 1, 'MULTIPLE', '下列排序算法中，平均时间复杂度为 O(n log n) 的有哪几项？', 'A,B,D', 4, '归并排序、堆排序和快速排序平均复杂度均为 O(n log n)，冒泡排序平均复杂度为 O(n^2)。', 4),
    (5, 1, 'JUDGE', '若有向图中存在环，则无法得到合法的拓扑序列。', 'TRUE', 2, '拓扑排序只适用于有向无环图，因此图中有环时不存在合法拓扑序。', 5),
    (6, 2, 'SINGLE', '考研英语阅读中，如果题干出现 infer 或 imply，通常优先考查哪类能力？', 'B', 3, '这类题目通常考查基于原文信息做推断判断的能力，而非直接定位原句复现。', 1),
    (7, 2, 'SINGLE', '数学一复习中，二重积分换元最关键的是先确认哪个条件？', 'A', 3, '换元前必须先明确新旧变量的对应关系和积分区域变换，再计算雅可比行列式。', 2),
    (8, 2, 'MULTIPLE', '以下哪些做法更适合政治分析题后期冲刺复习？', 'A,C,D', 4, '时政专题串联、答案模板归纳和真题表达复盘更适合冲刺，机械刷选择题不能替代分析题训练。', 3),
    (9, 2, 'MULTIPLE', '下列哪些方法有助于提升英语作文稳定性？', 'A,B,D', 4, '积累高频表达、限时仿写和批改复盘能显著提升作文稳定性，只背模板不练写效果有限。', 4),
    (10, 2, 'JUDGE', '数学真题复盘时，只记录正确答案而不回看错误思路，也能有效降低重复失误。', 'FALSE', 2, '真题复盘的关键是定位错误原因和思路漏洞，仅保留答案无法形成纠错闭环。', 5);

INSERT INTO exam_option (id, question_id, option_label, option_content) VALUES
    (1, 1, 'A', '系统调用'),
    (2, 1, 'B', '时钟中断'),
    (3, 1, 'C', '缺页异常'),
    (4, 1, 'D', '磁盘中断'),
    (5, 2, 'A', '网络层协议'),
    (6, 2, 'B', '应用层协议'),
    (7, 2, 'C', '传输层协议'),
    (8, 2, 'D', '数据链路层协议'),
    (9, 3, 'A', '原子性'),
    (10, 3, 'B', '高可用'),
    (11, 3, 'C', '隔离性'),
    (12, 3, 'D', '持久性'),
    (13, 4, 'A', '归并排序'),
    (14, 4, 'B', '堆排序'),
    (15, 4, 'C', '冒泡排序'),
    (16, 4, 'D', '快速排序'),
    (17, 5, 'TRUE', '正确'),
    (18, 5, 'FALSE', '错误'),
    (19, 6, 'A', '词汇辨析能力'),
    (20, 6, 'B', '推断判断能力'),
    (21, 6, 'C', '长难句翻译能力'),
    (22, 6, 'D', '语法填空能力'),
    (23, 7, 'A', '变量对应关系与积分区域'),
    (24, 7, 'B', '函数是否连续'),
    (25, 7, 'C', '公式是否出现在教材原文'),
    (26, 7, 'D', '题目是否来自真题'),
    (27, 8, 'A', '按专题整理时政热点'),
    (28, 8, 'B', '完全停止分析题训练'),
    (29, 8, 'C', '归纳分析题表达模板'),
    (30, 8, 'D', '复盘真题答案结构'),
    (31, 9, 'A', '积累高频表达'),
    (32, 9, 'B', '坚持限时仿写'),
    (33, 9, 'C', '只背模板不落笔'),
    (34, 9, 'D', '根据批改结果回写修改'),
    (35, 10, 'TRUE', '正确'),
    (36, 10, 'FALSE', '错误');

INSERT INTO application_ratio (id, school_id, major_id, ratio_year, apply_count, admit_count, ratio_value) VALUES
    (1, 1, 1, 2026, 620, 62, '10:1'),
    (2, 2, 2, 2026, 438, 52, '8.4:1'),
    (3, 3, 3, 2026, 356, 48, '7.4:1'),
    (4, 4, 4, 2026, 540, 78, '6.9:1'),
    (5, 5, 5, 2026, 284, 46, '6.2:1'),
    (6, 6, 6, 2026, 410, 41, '10:1');

INSERT INTO policy_news (id, school_id, major_id, title, content, source_name, published_date) VALUES
    (1, NULL, NULL, '2026 年全国硕士研究生网上报名准备提醒', '建议提前核对学籍学历信息、证件照规格和报考点要求，正式报名阶段尽量避开首尾高峰时段。', '研招网', '2026-03-22'),
    (2, 1, 1, '清华大学计算机相关专业复试材料提交通知', '请考生按要求准备成绩单、科研经历说明、项目材料和身份证明，逾期提交可能影响资格审核。', '清华大学研究生招生办公室', '2026-03-20'),
    (3, 2, 2, '北京大学金融学复试安排更新说明', '复试将重点考查专业基础、英语表达和综合素质，建议提前准备热点问题简述与个人研究兴趣陈述。', '北京大学研究生院', '2026-03-18'),
    (4, 3, 3, '复旦大学法学硕士复试参考建议', '学校提醒考生关注案例分析能力、规范理解和时事法治热点，面试前可准备一页式个人学习总结。', '复旦大学研究生招生网', '2026-03-17'),
    (5, 4, 4, '上海交通大学电子信息调剂信息解读', '有调剂需求的考生应尽早确认研究方向匹配度、系统开放时间与导师组要求，避免临近截止时集中操作。', '上海交通大学研究生院', '2026-03-15'),
    (6, 5, 5, '浙江大学教育学复试经验分享整理', '围绕教育热点、研究方法和个人备考路径准备内容，更容易在复试交流中体现清晰的研究兴趣。', '浙江大学教育学院', '2026-03-14');

INSERT INTO study_plan (id, user_id, plan_name, plan_description, start_date, end_date) VALUES
    (1, 2, '408 强化提升计划', '围绕数据结构、操作系统、组成原理和计算机网络进行章节强化与整卷演练。', '2026-04-01', '2026-05-31'),
    (2, 2, '英语阅读与写作冲刺计划', '同步推进阅读精析、作文素材积累和限时训练，提升输出稳定性。', '2026-04-03', '2026-05-10'),
    (3, 2, '复试表达准备计划', '提前整理项目经历、自我介绍和专业英语问答，避免初试结束后临时准备。', '2026-05-15', '2026-06-15');

INSERT INTO study_task (id, plan_id, user_id, task_name, task_description, due_date, status, completed_at) VALUES
    (1, 1, 2, '完成数据结构图专题强化', '按最短路径、最小生成树和拓扑排序三个主题完成题目整理。', '2026-04-08', 'DONE', '2026-04-08 21:10:00'),
    (2, 1, 2, '整理操作系统高频真题', '聚焦进程调度、内存管理和文件系统三类题型。', '2026-04-15', 'IN_PROGRESS', NULL),
    (3, 1, 2, '完成一套 408 限时模拟', '按照正式考试时长完成一套综合卷并记录失分原因。', '2026-04-20', 'TODO', NULL),
    (4, 2, 2, '精读两篇英语阅读真题', '对文章结构、出题点和错误原因做逐段标注。', '2026-04-06', 'DONE', '2026-04-06 20:30:00'),
    (5, 2, 2, '整理英语作文高频表达', '从历年真题范文中摘录可复用句式并分类记忆。', '2026-04-12', 'IN_PROGRESS', NULL),
    (6, 2, 2, '完成一次小作文限时练习', '严格控制在 20 分钟内完成并做批改复盘。', '2026-04-14', 'TODO', NULL),
    (7, 3, 2, '梳理项目经历讲述结构', '将项目背景、目标、关键技术和结果整理为三分钟表达版本。', '2026-05-20', 'TODO', NULL),
    (8, 3, 2, '准备专业英语问答清单', '围绕研究方向、课程基础和个人目标准备英文问答。', '2026-05-28', 'TODO', NULL);

INSERT INTO study_progress (id, plan_id, task_id, user_id, progress_note, progress_percent, study_minutes, recorded_at) VALUES
    (1, 1, 1, 2, '完成图专题第一轮题目整理，补充了拓扑排序常见陷阱。', 100, 150, '2026-04-08 21:10:00'),
    (2, 1, 2, 2, '已整理进程调度与死锁题目，准备继续补充内存管理部分。', 55, 110, '2026-04-12 22:00:00'),
    (3, 2, 4, 2, '两篇阅读完成逐句精析，定位题正确率有所提升。', 100, 95, '2026-04-06 20:30:00'),
    (4, 2, 5, 2, '整理出教育、科技、社会三类作文常用句式，准备做第二轮默写。', 60, 80, '2026-04-11 21:00:00'),
    (5, 3, 7, 2, '初步完成项目经历提纲，正在压缩内容长度。', 35, 60, '2026-05-18 19:30:00');

INSERT INTO study_reminder (id, plan_id, task_id, user_id, title, content, reminder_type, is_read, remind_at) VALUES
    (1, 1, NULL, 2, '本周强化计划提醒', '本周重点推进 408 图专题和操作系统高频真题整理，建议周末完成一次统一复盘。', 'SYSTEM', b'0', '2026-04-07 08:30:00'),
    (2, 1, 2, 2, '任务到期提醒', '任务《整理操作系统高频真题》将于 2026-04-15 到期，请尽快补齐未完成部分。', 'DUE', b'0', '2026-04-14 09:00:00'),
    (3, 2, 5, 2, '作文素材复盘提醒', '请回顾本周整理的高频表达，并完成一轮默写检查。', 'SYSTEM', b'0', '2026-04-12 18:30:00'),
    (4, 3, 7, 2, '复试准备提醒', '建议将项目介绍控制在三分钟内，并提前准备老师可能追问的技术细节。', 'SYSTEM', b'0', '2026-05-18 18:00:00');

INSERT INTO system_notice (id, title, content, target_role) VALUES
    (1, '报名信息准备提醒', '请尽早核对学历信息、身份证件与报考点要求，避免正式报名阶段集中处理。', 'STUDENT'),
    (2, '资料审核说明', '新上传资料将在一个工作日内完成审核，建议标题明确标注科目、阶段与适用方向。', 'STUDENT'),
    (3, '内容维护提醒', '运营管理台发布的公告与政策资讯请保持时间、来源和适用对象信息完整。', 'ADMIN'),
    (4, '系统使用提示', '平台已预置院校、专业、资料和模拟题数据，可直接用于日常演示与初始化环境检查。', 'ALL');

UPDATE system_config
SET config_value = '考研备考助手', config_description = '平台名称'
WHERE config_key = 'site_name';

INSERT INTO operation_log (id, user_id, username, user_role, operation_module, operation_type, operation_content, request_path) VALUES
    (1, 1, 'admin', 'ADMIN', 'AUTH', 'LOGIN', '管理员登录运营管理台', '/api/auth/login'),
    (2, 1, 'admin', 'ADMIN', 'NOTICE', 'UPDATE', '更新系统公告《报名信息准备提醒》', '/api/admin/notices/1'),
    (3, 2, 'student', 'STUDENT', 'PLAN', 'CREATE', '创建学习计划《408 强化提升计划》', '/api/student/plans'),
    (4, 2, 'student', 'STUDENT', 'MATERIAL', 'UPLOAD', '上传资料《408 数据结构高频题型归纳》', '/api/student/materials'),
    (5, 3, 'wangyan', 'STUDENT', 'POST', 'CREATE', '发布帖子《金融学专业课二轮复习有必要重看教材吗？》', '/api/posts'),
    (6, 1, 'admin', 'ADMIN', 'MATERIAL', 'REVIEW', '审核通过资料《电子信息复试项目介绍模板》', '/api/admin/materials/5/review');
